SYMBOL,STRIKE,EXPIRATION,DAYS LEFT,ENTRY STOCK PRICE,CURRENT STOCK PRICE,BARCHART BID (reference),BARCHART RETURN % (at selection),BARCHART ANNUALIZED RETURN % (at selection),PE AT ENTRY,PE SOURCE,BID,BID SOURCE,ASK,ASK SOURCE,CURRENT OPTION BID,CURRENT OPTION ASK,UNREALIZED P/L (FICTIONAL) IF SOLD (CSP),UNREALIZED P/L (FICTIONAL) IF BOUGHT (long put),NORM P/L (FICTIONAL) IF SOLD ($1000 risk),NORM P/L (FICTIONAL) IF BOUGHT ($1000 risk),ROI % (FICTIONAL) IF SOLD (CSP),ROI % (FICTIONAL) IF BOUGHT (long put),ANNUALIZED ROI % (FICTIONAL) IF SOLD (CSP),ANNUALIZED ROI % (FICTIONAL) IF BOUGHT (long put),UNREALIZED P/L (ACTUAL) IF SOLD (CSP),UNREALIZED P/L (ACTUAL) IF BOUGHT (long put),NORM P/L (ACTUAL) IF SOLD ($1000 risk),NORM P/L (ACTUAL) IF BOUGHT ($1000 risk),ROI % (ACTUAL) IF SOLD (CSP),ROI % (ACTUAL) IF BOUGHT (long put),ANNUALIZED ROI % (ACTUAL) IF SOLD (CSP),ANNUALIZED ROI % (ACTUAL) IF BOUGHT (long put),UNREALIZED P/L (MID) IF SOLD (CSP),UNREALIZED P/L (MID) IF BOUGHT (long put),NORM P/L (MID) IF SOLD ($1000 risk),NORM P/L (MID) IF BOUGHT ($1000 risk),BUYER MID IS EXERCISE,ADDED,NORM P/L IF SOLD ($1000 risk),NORM P/L IF BOUGHT ($1000 risk),ROI % IF SOLD (CSP),ROI % IF BOUGHT (long put),ANNUALIZED ROI % IF SOLD (CSP),ANNUALIZED ROI % IF BOUGHT (long put)
MNOV,2.5,2026-10-16,7.0,2.799999952316284,1.552899956703186,0.3,13.6364,216.403,,approx (backfilled),0.3,yahoo,0.35,yahoo,0.05,1.2,-64.71,59.71,-258.84,1706.0,-25.88,170.6,-590.39,3891.81,-90.0,-30.0,-360.0,-857.14,-36.0,-85.71,-821.25,-1955.26,-32.5,59.71,-130.0,1706.0,True,2026-09-23,,,,,,
ALHC,7.5,2026-10-16,7.0,7.860000133514404,7.391200065612793,0.55,7.91367,125.586,44.368423,approx (backfilled),0.55,yahoo,0.75,yahoo,0.35,0.55,44.12,-64.12,58.83,-854.93,5.88,-85.49,134.14,-1950.24,0.0,-40.0,0.0,-533.33,0.0,-53.33,0.0,-1216.59,10.0,-30.0,13.33,-400.0,False,2026-09-23,,,,,,
PENG,50.0,2026-10-16,7.0,53.880001068115234,73.22509765625,3.5,7.52688,119.448,27.815386,approx (backfilled),3.5,yahoo,3.9,yahoo,,0.05,350.0,-390.0,70.0,-1000.0,7.0,-100.0,159.69,-2281.25,345.0,,69.0,,6.9,,157.41,,,,,,False,2026-09-23,,,,,,
ARCT,12.5,2026-10-16,7.0,13.300000190734863,13.449999809265137,0.8,6.83761,108.51,,approx (backfilled),0.8,yahoo,0.9,yahoo,0.15,0.75,80.0,-90.0,64.0,-1000.0,6.4,-100.0,146.0,-2281.25,5.0,-75.0,4.0,-833.33,0.4,-83.33,9.12,-1900.97,35.0,-45.0,28.0,-500.0,False,2026-09-23,,,,,,
GLXY,25.0,2026-10-16,7.0,25.790000915527344,20.25,1.58,6.74637,107.062,,approx (backfilled),1.58,yahoo,1.88,yahoo,4.45,5.1,-317.0,287.0,-126.8,1526.6,-12.68,152.66,-289.26,3482.56,-352.0,257.0,-140.8,1367.02,-14.08,136.7,-321.2,3118.47,-319.5,287.0,-127.8,1526.6,True,2026-09-23,,,,,,
NBIS,220.0,2026-10-16,7.0,226.61000061035156,220.58999633789062,14.05,6.82204,108.263,177.35938,approx (backfilled),14.05,yahoo,14.5,yahoo,7.4,7.7,1405.0,-1450.0,63.86,-1000.0,6.39,-100.0,145.77,-2281.25,635.0,-710.0,28.86,-489.66,2.89,-48.97,65.93,-1117.13,650.0,-695.0,29.55,-479.31,False,2026-09-23,,,,,,
WOLF,25.0,2026-10-16,7.0,27.139999389648438,30.46500015258789,1.45,6.15711,97.7107,,approx (backfilled),1.45,yahoo,1.74,yahoo,0.06,0.1,145.0,-174.0,58.0,-1000.0,5.8,-100.0,132.31,-2281.25,135.0,-168.0,54.0,-965.52,5.4,-96.55,123.19,-2202.55,137.0,-166.0,54.8,-954.02,False,2026-09-23,,,,,,
BB,8.0,2026-10-16,7.0,8.380000114440918,8.725000381469727,0.48,6.38298,101.295,67.5,approx (backfilled),0.48,yahoo,0.58,yahoo,0.04,0.06,48.0,-58.0,60.0,-1000.0,6.0,-100.0,136.88,-2281.25,42.0,-54.0,52.5,-931.03,5.25,-93.1,119.77,-2123.84,43.0,-53.0,53.75,-913.79,False,2026-09-23,,,,,,
IREN,45.0,2026-10-16,7.0,47.04999923706055,34.8650016784668,2.52,5.9322,94.1415,,approx (backfilled),2.52,yahoo,2.64,yahoo,9.95,10.1,-761.5,749.5,-169.22,2839.02,-16.92,283.9,-385.99,6476.47,-758.0,731.0,-168.44,2768.94,-16.84,276.89,-384.16,6316.55,-750.5,749.5,-166.78,2839.02,True,2026-09-23,,,,,,
AAOI,95.0,2026-10-16,7.0,101.05999755859375,112.72000122070312,5.3,5.90858,93.7667,,approx (backfilled),5.3,yahoo,5.6,yahoo,0.45,0.65,530.0,-560.0,55.79,-1000.0,5.58,-100.0,127.29,-2281.25,465.0,-515.0,48.95,-919.64,4.89,-91.96,111.55,-2097.84,475.0,-505.0,50.0,-901.79,False,2026-09-23,,,,,,
LCID,4.0,2026-10-16,7.0,4.159999847412109,3.819999933242798,0.23,6.1008,96.817,,approx (backfilled),0.23,yahoo,0.29,yahoo,0.2,0.3,5.0,-11.0,12.5,-379.31,1.25,-37.93,28.52,-865.28,-7.0,-9.0,-17.5,-310.34,-1.75,-31.03,-39.92,-707.87,-2.0,-4.0,-5.0,-137.93,False,2026-09-23,,,,,,
APLD,25.0,2026-10-16,7.0,27.229999542236328,23.079999923706055,1.41,5.97711,94.8541,,approx (backfilled),1.41,yahoo,1.5,yahoo,2.09,2.36,-51.0,42.0,-20.4,280.0,-2.04,28.0,-46.54,638.75,-95.0,59.0,-38.0,393.33,-3.8,39.33,-86.69,897.22,-81.5,42.0,-32.6,280.0,True,2026-09-23,,,,,,
FRVO,15.0,2026-10-16,7.0,16.350000381469727,13.449999809265137,0.8,5.6338,89.406,,approx (backfilled),0.8,yahoo,0.95,yahoo,1.55,1.8,-75.0,60.0,-50.0,631.58,-5.0,63.16,-114.06,1440.84,-100.0,60.0,-66.67,631.58,-6.67,63.16,-152.16,1440.84,-87.5,60.0,-58.33,631.58,True,2026-09-23,,,,,,
SMCI,40.0,2026-10-16,7.0,41.439998626708984,41.32500076293945,2.13,5.62451,89.2584,13.125153,approx (backfilled),2.13,yahoo,2.18,yahoo,0.76,0.8,213.0,-218.0,53.25,-1000.0,5.33,-100.0,121.59,-2281.25,133.0,-142.0,33.25,-651.38,3.33,-65.14,75.97,-1486.01,135.0,-140.0,33.75,-642.2,False,2026-09-23,,,,,,
MARA,12.5,2026-10-16,7.0,13.350000381469727,9.685999870300293,0.64,5.39629,85.6368,,approx (backfilled),0.64,yahoo,0.68,yahoo,2.8,2.87,-217.4,213.4,-173.92,3138.24,-17.39,313.82,-396.71,7159.02,-223.0,212.0,-178.4,3117.65,-17.84,311.76,-406.98,7112.02,-219.5,213.4,-175.6,3138.24,True,2026-09-23,,,,,,
SECZ,15.0,2026-10-16,7.0,15.5649995803833,13.399999618530273,1.55,11.5242,191.196,,approx (backfilled),1.75,yahoo,2.25,yahoo,1.85,2.3,15.0,-65.0,10.0,-288.89,1.0,-28.89,24.33,-702.99,-55.0,-40.0,-36.67,-177.78,-3.67,-17.78,-89.3,-432.65,-32.5,-17.5,-21.67,-77.78,False,2026-09-24,,,,,,
PLTR,185.0,2026-10-16,7.0,191.0050048828125,205.2899932861328,6.35,3.55444,58.9713,171.65517,approx (backfilled),5.85,yahoo,6.1,yahoo,0.41,0.43,585.0,-610.0,31.62,-1000.0,3.16,-100.0,76.89,-2433.33,542.0,-569.0,29.3,-932.79,2.93,-93.28,71.3,-2269.81,543.0,-568.0,29.35,-931.15,False,2026-09-24,,,,,,
AMD,600.0,2026-10-16,7.0,615.72998046875,611.64501953125,20.2,3.48396,57.8021,161.91327,approx (backfilled),22.65,yahoo,23.1,yahoo,9.35,9.65,2265.0,-2310.0,37.75,-1000.0,3.77,-100.0,91.74,-2433.33,1300.0,-1375.0,21.67,-595.24,2.17,-59.52,52.8,-1448.32,1315.0,-1360.0,21.92,-588.74,False,2026-09-24,,,,,,
MSTR,155.0,2026-10-16,7.0,162.69000244140625,157.3000030517578,7.6,5.15604,85.5434,,approx (backfilled),7.3,yahoo,7.4,yahoo,4.55,4.6,730.0,-740.0,47.1,-1000.0,4.71,-100.0,114.61,-2433.33,270.0,-285.0,17.42,-385.14,1.74,-38.51,42.34,-937.08,272.5,-282.5,17.58,-381.76,False,2026-09-24,,,,,,
GLND,3.0,2026-10-16,7.0,4.749899864196777,2.505000114440918,0.3,11.1111,184.343,,approx (backfilled),0.25,yahoo,0.35,yahoo,0.5,0.55,-24.5,14.5,-81.67,414.29,-8.17,41.43,-198.8,1008.13,-30.0,15.0,-100.0,428.57,-10.0,42.86,-243.33,1042.93,-27.5,14.5,-91.67,414.29,True,2026-09-24,,,,,,
BMNR,26.0,2026-10-16,7.0,27.815000534057617,24.200000762939453,1.27,5.13546,85.202,,approx (backfilled),1.16,yahoo,1.29,yahoo,2.06,2.28,-64.0,51.0,-24.62,395.35,-2.46,39.53,-59.86,961.9,-112.0,77.0,-43.08,596.9,-4.31,59.69,-104.88,1452.46,-101.0,51.0,-38.85,395.35,True,2026-09-24,,,,,,
INTC,121.0,2026-10-16,7.0,124.05000305175781,106.00499725341797,5.75,4.98915,82.7746,,approx (backfilled),5.75,yahoo,5.9,yahoo,14.95,15.15,-924.5,909.5,-76.4,1541.53,-7.64,154.15,-185.91,3750.98,-940.0,905.0,-77.69,1533.9,-7.77,153.39,-189.07,3732.49,-930.0,909.5,-76.86,1541.53,True,2026-09-24,,,,,,
ONDS,7.0,2026-10-16,7.0,7.445000171661377,6.695000171661377,0.3,4.47761,74.2877,,approx (backfilled),0.32,yahoo,0.34,yahoo,0.37,0.4,1.5,-3.5,2.14,-102.94,0.21,-10.29,5.11,-250.39,-8.0,3.0,-11.43,88.24,-1.14,8.82,-27.74,214.62,-6.5,4.5,-9.29,132.35,False,2026-09-24,,,,,,
MRNA,170.0,2026-10-16,7.0,186.33999633789062,213.375,7.75,4.77658,79.2478,,approx (backfilled),6.65,yahoo,6.9,yahoo,0.31,0.6,665.0,-690.0,39.12,-1000.0,3.91,-100.0,95.14,-2433.33,605.0,-659.0,35.59,-955.07,3.56,-95.51,86.63,-2324.08,619.5,-644.5,36.44,-934.06,False,2026-09-24,,,,,,
BE,240.0,2026-10-16,7.0,257.7699890136719,273.2650146484375,9.7,4.2119,69.8792,363.57895,approx (backfilled),10.4,yahoo,11.65,yahoo,0.96,1.0,1040.0,-1165.0,43.33,-1000.0,4.33,-100.0,105.36,-2433.33,940.0,-1069.0,39.17,-917.6,3.92,-91.76,95.39,-2232.83,942.0,-1067.0,39.25,-915.88,False,2026-09-24,,,,,,
MU,990.0,2026-10-16,7.0,1052.2650146484375,1021.85498046875,35.35,3.70293,61.4349,14.335799,approx (backfilled),36.75,yahoo,36.95,yahoo,12.6,12.95,3675.0,-3695.0,37.12,-1000.0,3.71,-100.0,90.28,-2433.33,2380.0,-2435.0,24.04,-659.0,2.4,-65.9,58.4,-1603.57,2397.5,-2417.5,24.22,-654.26,False,2026-09-24,,,,,,
P,120.0,2026-10-16,7.0,124.58999633789062,150.7550048828125,4.8,4.16667,72.4206,213.27397,approx (backfilled),4.7,yahoo,5.2,yahoo,0.05,0.1,470.0,-520.0,39.17,-1000.0,3.92,-100.0,102.2,-2607.14,460.0,-515.0,38.33,-990.38,3.83,-99.04,99.85,-2582.11,462.5,-512.5,38.54,-985.58,False,2026-09-25,,,,,,
HOOD,115.0,2026-10-16,7.0,118.6178970336914,109.11009979248047,4.85,4.40309,76.5298,47.361237,approx (backfilled),4.8,yahoo,4.95,yahoo,6.75,6.95,-108.99,93.99,-9.48,189.88,-0.95,18.99,-24.77,495.1,-215.0,180.0,-18.7,363.64,-1.87,36.36,-48.75,947.96,-205.0,93.99,-17.83,189.88,True,2026-09-25,,,,,,
RKLB,71.0,2026-10-16,7.0,73.18599700927734,67.36000061035156,3.6,5.34125,92.8359,,approx (backfilled),3.4,yahoo,3.65,yahoo,4.25,4.6,-24.0,-1.0,-3.38,-2.74,-0.34,-0.27,-8.86,-7.04,-120.0,60.0,-16.9,164.38,-1.69,16.44,-44.06,428.61,-102.5,77.5,-14.44,212.33,False,2026-09-25,,,,,,
CLSK,13.0,2026-10-16,7.0,13.699999809265137,10.510499954223633,0.68,5.51948,95.9338,,approx (backfilled),0.62,yahoo,0.71,yahoo,2.31,2.59,-186.95,177.95,-143.81,2506.34,-14.38,250.63,-374.91,6534.28,-197.0,160.0,-151.54,2253.52,-15.15,225.35,-394.98,5875.2,-183.0,177.95,-140.77,2506.34,True,2026-09-25,,,,,,
WULF,15.0,2026-10-16,7.0,15.625,13.6899995803833,0.81,5.70825,99.2147,,approx (backfilled),0.75,yahoo,0.78,yahoo,1.49,1.51,-56.0,53.0,-37.33,679.49,-3.73,67.95,-97.25,1771.55,-76.0,71.0,-50.67,910.26,-5.07,91.03,-132.18,2373.28,-75.0,53.0,-50.0,679.49,True,2026-09-25,,,,,,
U,40.0,2026-10-16,7.0,43.30500030517578,46.900001525878906,1.25,3.22581,53.5191,,approx (backfilled),0.96,yahoo,1.13,yahoo,0.03,0.04,96.0,-113.0,24.0,-1000.0,2.4,-100.0,58.4,-2433.33,92.0,-110.0,23.0,-973.45,2.3,-97.35,55.97,-2368.85,92.5,-109.5,23.12,-969.03,False,2026-09-24,,,,,,
FCEL,16.0,2026-10-16,7.0,17.295000076293945,17.34000015258789,0.65,4.23453,90.9178,,approx (backfilled),0.7,yahoo,0.9,yahoo,0.25,0.35,70.0,-90.0,43.75,-1000.0,4.38,-100.0,159.87,-3650.0,35.0,-65.0,21.88,-722.22,2.19,-72.22,79.94,-2636.03,40.0,-60.0,25.0,-666.67,False,2026-09-29,,,,,,
FLEX,110.0,2026-10-16,7.0,113.08999633789062,117.1500015258789,4.4,4.16667,89.4608,44.899616,approx (backfilled),4.4,yahoo,4.7,yahoo,1.1,1.5,440.0,-470.0,40.0,-1000.0,4.0,-100.0,146.0,-3650.0,290.0,-360.0,26.36,-765.96,2.64,-76.6,96.36,-2795.9,310.0,-340.0,28.18,-723.4,False,2026-09-29,,,,,,
NVTS,11.0,2026-10-16,7.0,11.90999984741211,10.65999984741211,0.42,3.96975,85.233,,approx (backfilled),0.41,yahoo,0.47,yahoo,0.54,0.6,7.0,-13.0,6.36,-276.6,0.64,-27.66,23.36,-1009.59,-19.0,7.0,-17.27,148.94,-1.73,14.89,-63.14,543.49,-16.0,10.0,-14.55,212.77,False,2026-09-29,,,,,,
ACHR,5.0,2026-10-16,7.0,5.245200157165527,4.900000095367432,0.18,3.73444,80.1806,,approx (backfilled),0.16,yahoo,0.18,yahoo,0.22,0.25,6.0,-8.0,12.0,-444.44,1.2,-44.44,43.8,-1622.06,-9.0,4.0,-18.0,222.22,-1.8,22.22,-65.7,811.03,-7.5,5.5,-15.0,305.56,False,2026-09-29,,,,,,
NKE,35.0,2026-10-16,7.0,36.125,34.904998779296875,1.21,3.58094,76.8849,16.45678,approx (backfilled),1.2,yahoo,1.26,yahoo,0.65,0.67,110.5,-116.5,31.57,-924.6,3.16,-92.46,115.34,-3374.79,53.0,-61.0,15.14,-484.13,1.51,-48.41,55.12,-1766.96,54.0,-60.0,15.43,-476.19,False,2026-09-29,,,,,,
NOW,128.0,2026-10-16,7.0,131.8800048828125,140.98500061035156,4.2,3.39257,72.8404,85.1875,approx (backfilled),3.75,yahoo,4.0,yahoo,0.31,0.37,375.0,-400.0,29.3,-1000.0,2.93,-100.0,106.95,-3650.0,338.0,-369.0,26.41,-922.5,2.64,-92.25,96.36,-3367.12,341.0,-366.0,26.64,-915.0,False,2026-09-29,,,,,,
MRVL,245.0,2026-10-16,7.0,262.1498107910156,271.6199951171875,9.4,3.98981,69.3468,90.570724,approx (backfilled),8.85,yahoo,9.2,yahoo,1.19,1.26,885.0,-920.0,36.12,-1000.0,3.61,-100.0,94.12,-2607.14,759.0,-801.0,30.98,-870.65,3.1,-87.07,80.82,-2270.04,762.5,-797.5,31.12,-866.85,False,2026-09-25,,,,,,
CRWD,250.0,2026-10-16,7.0,256.8900146484375,269.69500732421875,9.55,3.97172,69.0323,5314.0,approx (backfilled),9.95,yahoo,10.4,yahoo,0.92,1.04,995.0,-1040.0,39.8,-1000.0,3.98,-100.0,103.76,-2607.14,891.0,-948.0,35.64,-911.54,3.56,-91.15,92.81,-2376.41,897.0,-942.0,35.88,-905.77,False,2026-09-25,,,,,,
QURE,35.0,2026-10-16,7.0,37.68000030517578,22.4950008392334,4.0,12.9032,261.649,,approx (backfilled),4.0,yahoo,4.4,yahoo,11.2,13.1,-850.5,810.5,-243.0,1842.05,-24.3,184.2,-806.32,6112.09,-910.0,680.0,-260.0,1545.45,-26.0,154.55,-862.73,5128.25,-815.0,810.5,-232.86,1842.05,True,2026-09-28,,,,,,
IONQ,45.0,2026-10-16,7.0,46.06999969482422,39.310001373291016,2.17,5.06654,102.738,,approx (backfilled),2.37,yahoo,2.54,yahoo,5.7,6.0,-332.0,315.0,-73.78,1240.16,-7.38,124.02,-244.88,4115.21,-363.0,316.0,-80.67,1244.09,-8.07,124.41,-267.78,4128.15,-348.0,315.0,-77.33,1240.16,True,2026-09-28,,,,,,
ARM,270.0,2026-10-16,7.0,283.32000732421875,267.1199951171875,11.45,4.42854,89.801,289.6804,approx (backfilled),11.1,yahoo,11.3,yahoo,9.15,9.7,822.0,-842.0,30.44,-745.13,3.04,-74.51,100.87,-2472.38,140.0,-215.0,5.19,-190.27,0.52,-19.03,17.25,-631.45,167.5,-187.5,6.2,-165.93,False,2026-09-28,,,,,,
SNDK,1600.0,2026-10-16,7.0,1686.849853515625,1597.364990234375,64.6,4.20737,85.3162,22.172585,approx (backfilled),64.9,yahoo,66.3,yahoo,49.3,50.9,6226.5,-6366.5,38.92,-960.26,3.89,-96.03,129.08,-3186.45,1400.0,-1700.0,8.75,-256.41,0.88,-25.64,29.2,-850.78,1480.0,-1620.0,9.25,-244.34,False,2026-09-28,,,,,,
CRWV,80.0,2026-10-16,7.0,84.1449966430664,81.81500244140625,3.05,3.96361,80.3733,,approx (backfilled),3.15,yahoo,3.35,yahoo,1.83,1.88,315.0,-335.0,39.38,-1000.0,3.94,-100.0,130.74,-3318.18,127.0,-152.0,15.88,-453.73,1.59,-45.37,52.76,-1505.46,129.5,-149.5,16.19,-446.27,False,2026-09-28,,,,,,
SPCE,3.0,2026-10-16,7.0,3.194999933242798,2.8712000846862793,0.11,3.80623,77.1819,,approx (backfilled),0.11,yahoo,0.14,yahoo,0.15,0.2,-1.88,-1.12,-6.27,-80.0,-0.63,-8.0,-20.9,-265.45,-9.0,1.0,-30.0,71.43,-3.0,7.14,-99.55,236.92,-6.5,3.5,-21.67,250.0,False,2026-09-28,,,,,,
PSKY,10.0,2026-10-16,7.0,10.145000457763672,9.775,0.36,3.73444,75.7261,,approx (backfilled),0.36,yahoo,0.44,yahoo,,,13.5,-21.5,13.5,-488.64,1.35,-48.86,44.8,-1621.26,,,,,,,,,,,,,False,2026-09-28,,,,,,
LUNR,14.0,2026-10-16,7.0,14.904999732971191,13.159799575805664,0.6,4.47761,96.137,,approx (backfilled),0.58,yahoo,0.69,yahoo,0.98,1.09,-26.02,15.02,-18.59,217.68,-1.86,21.77,-67.89,794.61,-51.0,29.0,-36.43,420.29,-3.64,42.03,-132.86,1534.1,-45.5,15.02,-32.5,217.68,True,2026-09-29,,,,,,
CNXC,25.0,2026-10-16,7.0,26.58530044555664,26.670000076293945,1.0,4.16667,95.0521,,approx (backfilled),0.95,yahoo,1.25,yahoo,0.4,0.45,95.0,-125.0,38.0,-1000.0,3.8,-100.0,154.11,-4055.56,50.0,-85.0,20.0,-680.0,2.0,-68.0,81.11,-2757.78,52.5,-82.5,21.0,-660.0,False,2026-09-30,,,,,,
FWDI,7.5,2026-10-16,7.0,7.989999771118164,7.440000057220459,0.3,4.16667,95.0521,,approx (backfilled),0.3,yahoo,0.55,yahoo,0.4,0.55,24.0,-49.0,32.0,-890.91,3.2,-89.09,129.78,-3613.09,-25.0,-15.0,-33.33,-272.73,-3.33,-27.27,-135.05,-1105.95,-17.5,-7.5,-23.33,-136.36,False,2026-09-30,,,,,,
ASTS,60.0,2026-10-16,7.0,62.150001525878906,47.77000045776367,2.84,4.96851,113.344,,approx (backfilled),2.74,yahoo,2.88,yahoo,10.4,10.9,-949.0,935.0,-158.17,3246.53,-15.82,324.65,-641.59,13166.36,-816.0,752.0,-136.0,2611.11,-13.6,261.11,-551.56,10589.46,-791.0,935.0,-131.83,3246.53,True,2026-09-30,,,,,,
CSIQ,11.0,2026-10-16,7.0,11.479999542236328,11.140000343322754,0.45,4.2654,97.3045,,approx (backfilled),0.45,yahoo,0.55,yahoo,0.25,0.35,45.0,-55.0,40.91,-1000.0,4.09,-100.0,165.87,-4055.56,10.0,-30.0,9.09,-545.45,0.91,-54.55,36.91,-2212.31,15.0,-25.0,13.64,-454.55,False,2026-09-30,,,,,,
AMC,3.0,2026-10-16,7.0,3.134999990463257,2.934999942779541,0.15,5.26316,120.066,,approx (backfilled),0.15,yahoo,0.17,yahoo,0.17,0.18,8.5,-10.5,28.33,-617.65,2.83,-61.76,114.77,-2504.71,-3.0,0.0,-10.0,0.0,-1.0,0.0,-40.56,0.0,-2.5,0.5,-8.33,29.41,False,2026-09-30,,,,,,
LPTH,10.0,2026-10-16,7.0,10.395000457763672,9.75,0.5,5.26316,120.066,,approx (backfilled),0.5,yahoo,0.6,yahoo,0.5,0.6,25.0,-35.0,25.0,-583.33,2.5,-58.33,101.39,-2365.61,-10.0,-10.0,-10.0,-166.67,-1.0,-16.67,-40.56,-676.06,-5.0,-5.0,-5.0,-83.33,False,2026-09-30,,,,,,
FHTX,2.5,2026-10-16,7.0,2.7049999237060547,2.0299999713897705,0.15,6.38298,155.319,,approx (backfilled),0.15,yahoo,0.2,yahoo,0.05,1.0,-32.0,27.0,-128.0,1350.0,-12.8,135.0,-584.0,6159.38,-85.0,-15.0,-340.0,-750.0,-34.0,-75.0,-1551.25,-3421.88,-37.5,27.0,-150.0,1350.0,True,2026-10-01,,,,,,
SHAZ,45.0,2026-10-16,7.0,51.65999984741211,37.310001373291016,1.85,4.28737,104.326,,approx (backfilled),1.4,yahoo,2.4,yahoo,7.5,7.9,-629.0,529.0,-139.78,2204.17,-13.98,220.42,-637.84,10056.66,-650.0,510.0,-144.44,2125.0,-14.44,212.5,-658.82,9695.31,-630.0,529.0,-140.0,2204.17,True,2026-10-01,,,,,,
CBRS,165.0,2026-10-16,7.0,173.25,165.42999267578125,5.7,3.57815,87.0684,,approx (backfilled),5.6,yahoo,6.3,yahoo,4.9,5.4,560.0,-630.0,33.94,-1000.0,3.39,-100.0,154.67,-4562.5,20.0,-140.0,1.21,-222.22,0.12,-22.22,5.47,-1013.79,45.0,-115.0,2.73,-182.54,False,2026-10-01,,,,,,
JBLU,4.0,2026-10-16,7.0,4.15500020980835,3.859999895095825,0.14,3.62694,88.2556,,approx (backfilled),0.14,yahoo,0.19,yahoo,0.18,0.2,-0.0,-5.0,-0.0,-263.16,-0.0,-26.32,-0.0,-1200.85,-6.0,-1.0,-15.0,-52.63,-1.5,-5.26,-68.44,-239.99,-5.0,0.0,-12.5,0.0,False,2026-10-01,,,,,,
GLAS,5.0,2026-10-16,7.0,5.349999904632568,4.269999980926514,0.2,4.16667,101.389,,approx (backfilled),0.2,yahoo,0.3,yahoo,0.65,0.95,-53.0,43.0,-106.0,1433.33,-10.6,143.33,-483.62,6539.43,-75.0,35.0,-150.0,1166.67,-15.0,116.67,-684.38,5323.07,-60.0,43.0,-120.0,1433.33,True,2026-10-01,,,,,,
RUM,7.0,2026-10-16,7.0,7.525000095367432,6.949999809265137,0.25,3.7037,90.1235,,approx (backfilled),0.25,yahoo,0.3,yahoo,0.25,0.35,20.0,-25.0,28.57,-833.33,2.86,-83.33,130.49,-3801.93,-10.0,-5.0,-14.29,-166.67,-1.43,-16.67,-65.24,-760.57,-5.0,0.0,-7.14,0.0,False,2026-10-01,,,,,,
CLOV,4.0,2026-10-16,7.0,4.159999847412109,4.715000152587891,0.18,4.71204,114.66,,approx (backfilled),0.17,yahoo,0.2,yahoo,0.01,0.03,17.0,-20.0,42.5,-1000.0,4.25,-100.0,193.91,-4562.5,14.0,-19.0,35.0,-950.0,3.5,-95.0,159.69,-4334.38,15.0,-18.0,37.5,-900.0,False,2026-10-01,,,,,,
LQDA,25.0,2026-10-16,7.0,30.260000228881836,27.709999084472656,1.25,5.26316,120.066,20.309353,approx (backfilled),1.25,yahoo,1.7,yahoo,1.1,1.55,125.0,-170.0,50.0,-1000.0,5.0,-100.0,202.78,-4055.56,-30.0,-60.0,-12.0,-352.94,-1.2,-35.29,-48.67,-1431.21,-7.5,-37.5,-3.0,-220.59,False,2026-09-30,,,,,,
IBRX,9.0,2026-10-16,7.0,9.4399995803833,10.457300186157227,0.45,5.26316,120.066,,approx (backfilled),0.45,yahoo,0.6,yahoo,,0.15,45.0,-60.0,50.0,-1000.0,5.0,-100.0,202.78,-4055.56,30.0,,33.33,,3.33,,135.05,,,,,,False,2026-09-30,,,,,,
SGML,9.0,2026-10-16,7.0,9.399999618530273,9.489999771118164,0.45,5.26316,120.066,,approx (backfilled),0.45,yahoo,0.6,yahoo,0.15,0.25,45.0,-60.0,50.0,-1000.0,5.0,-100.0,202.78,-4055.56,20.0,-45.0,22.22,-750.0,2.22,-75.0,90.03,-3041.67,25.0,-40.0,27.78,-666.67,False,2026-09-30,,,,,,
TWST,170.0,2026-10-16,7.0,172.1199951171875,161.77000427246094,6.3,3.8485,140.47,,approx (backfilled),7.6,yahoo,8.2,yahoo,12.3,15.5,-63.0,3.0,-3.71,3.66,-0.37,0.37,-45.02,45.02,-790.0,410.0,-46.47,500.0,-4.65,50.0,-565.75,6083.33,-630.0,3.0,-37.06,3.66,True,2026-10-06,,,,,,
LQDA,22.0,2026-10-16,7.0,26.215999603271484,27.739999771118164,0.8,3.77358,137.736,20.330936,approx (backfilled),0.8,yahoo,0.9,yahoo,0.45,0.9,80.0,-90.0,36.36,-1000.0,3.64,-100.0,442.87,-12166.67,-10.0,-45.0,-4.55,-500.0,-0.45,-50.0,-54.75,-6083.33,12.5,-22.5,5.68,-250.0,False,2026-10-06,,,,,,
SMR,8.0,2026-10-16,7.0,8.225000381469727,7.150000095367432,0.29,3.76135,137.289,,approx (backfilled),0.29,yahoo,0.31,yahoo,0.87,0.94,-56.0,54.0,-70.0,1741.94,-7.0,174.19,-851.67,21193.12,-65.0,56.0,-81.25,1806.45,-8.12,180.65,-987.93,21979.08,-61.5,54.0,-76.88,1741.94,True,2026-10-06,,,,,,
MRNA,185.0,2026-10-16,7.0,193.09979248046875,213.2550048828125,6.85,3.84507,140.345,,approx (backfilled),6.7,yahoo,6.9,yahoo,1.75,2.2,670.0,-690.0,36.22,-1000.0,3.62,-100.0,440.43,-12166.67,450.0,-515.0,24.32,-746.38,2.43,-74.64,295.65,-9081.2,472.5,-492.5,25.54,-713.77,False,2026-10-06,,,,,,
CLOV,4.5,2026-10-16,7.0,4.644999980926514,4.715000152587891,0.16,3.68664,134.562,,approx (backfilled),0.16,yahoo,0.19,yahoo,0.07,0.11,16.0,-19.0,35.56,-1000.0,3.56,-100.0,433.13,-12166.67,5.0,-12.0,11.11,-631.58,1.11,-63.16,135.05,-7684.47,7.0,-10.0,15.56,-526.32,False,2026-10-06,,,,,,
WULF,14.5,2026-10-16,7.0,14.85990047454834,13.6850004196167,0.51,3.64546,133.059,,approx (backfilled),0.51,yahoo,0.54,yahoo,1.03,1.06,-30.5,27.5,-21.03,509.26,-2.1,50.93,-255.5,6196.48,-55.0,49.0,-37.93,907.41,-3.79,90.74,-461.12,11040.03,-53.5,27.5,-36.9,509.26,True,2026-10-06,,,,,,
CLSK,12.0,2026-10-16,7.0,12.470000267028809,10.501099586486816,0.38,3.27022,119.363,,approx (backfilled),0.38,yahoo,0.42,yahoo,1.42,1.63,-111.89,107.89,-93.24,2568.81,-9.32,256.88,-1133.93,31253.73,-125.0,100.0,-104.17,2380.95,-10.42,238.1,-1267.77,28968.83,-114.5,107.89,-95.42,2568.81,True,2026-10-06,,,,,,
IBRX,9.5,2026-10-16,7.0,9.96500015258789,10.460000038146973,0.3,3.26087,119.022,,approx (backfilled),0.25,yahoo,0.4,yahoo,0.1,0.2,25.0,-40.0,26.32,-1000.0,2.63,-100.0,319.98,-12166.67,5.0,-30.0,5.26,-750.0,0.53,-75.0,64.48,-9125.0,10.0,-25.0,10.53,-625.0,False,2026-10-06,,,,,,
SMCI,42.5,2026-10-16,7.0,43.44499969482422,41.244998931884766,1.33,3.23051,117.914,13.120522,approx (backfilled),1.25,yahoo,1.29,yahoo,1.98,2.07,-0.5,-3.5,-0.12,-27.13,-0.01,-2.71,-1.22,-329.72,-82.0,69.0,-19.29,534.88,-1.93,53.49,-234.82,6507.95,-77.5,73.5,-18.24,569.77,False,2026-10-06,,,,,,
BE,285.0,2026-10-16,7.0,295.7099914550781,273.2699890136719,8.8,3.1861,116.293,363.61093,approx (backfilled),8.3,yahoo,8.5,yahoo,16.05,16.25,-343.0,323.0,-12.04,380.0,-1.2,38.0,-146.0,4623.33,-795.0,755.0,-27.89,888.24,-2.79,88.82,-339.45,10806.43,-785.0,323.0,-27.54,380.0,True,2026-10-06,,,,,,
BTDR,10.0,2026-10-16,7.0,10.680000305175781,9.6850004196167,0.5,5.26316,128.07,,approx (backfilled),0.4,yahoo,0.55,yahoo,0.6,0.65,8.5,-23.5,8.5,-427.27,0.85,-42.73,38.78,-1949.56,-25.0,5.0,-25.0,90.91,-2.5,9.09,-114.06,414.73,-22.5,7.5,-22.5,136.36,False,2026-10-01,,,,,,
TLRY,3.5,2026-10-16,7.0,3.640000104904175,3.4649999141693115,0.16,4.79042,116.567,,approx (backfilled),0.16,yahoo,0.23,yahoo,0.13,0.17,12.5,-19.5,35.71,-847.83,3.57,-84.78,162.88,-3868.09,-1.0,-10.0,-2.86,-434.78,-0.29,-43.48,-13.23,-1983.77,1.0,-8.0,2.86,-347.83,False,2026-10-01,,,,,,
SAIL,20.0,2026-10-16,7.0,20.59000015258789,20.614999771118164,0.85,4.43864,108.007,,approx (backfilled),0.8,yahoo,0.9,yahoo,0.5,0.55,80.0,-90.0,40.0,-1000.0,4.0,-100.0,182.5,-4562.5,25.0,-40.0,12.5,-444.44,1.25,-44.44,57.03,-2027.57,27.5,-37.5,13.75,-416.67,False,2026-10-01,,,,,,
RIOT,18.0,2026-10-16,7.0,19.584999084472656,16.875,0.72,4.16667,101.389,,approx (backfilled),0.53,yahoo,0.65,yahoo,1.45,1.54,-59.5,47.5,-33.06,730.77,-3.31,73.08,-151.02,3334.28,-101.0,80.0,-56.11,1230.77,-5.61,123.08,-255.96,5615.52,-96.5,47.5,-53.61,730.77,True,2026-10-01,,,,,,
ASST,30.0,2026-10-16,7.0,30.3799991607666,28.360000610351562,1.26,4.38413,114.301,,approx (backfilled),1.31,yahoo,1.42,yahoo,2.09,2.41,-33.0,22.0,-11.0,154.93,-1.1,15.49,-57.36,807.69,-110.0,67.0,-36.67,471.83,-3.67,47.18,-191.36,2460.1,-94.0,22.0,-31.33,154.93,True,2026-10-02,,,,,,
GFL,40.0,2026-10-16,7.0,41.4900016784668,42.81999969482422,1.85,4.84928,126.428,,approx (backfilled),1.85,yahoo,2.0,yahoo,0.5,0.8,185.0,-200.0,46.25,-1000.0,4.62,-100.0,240.9,-5214.29,105.0,-150.0,26.25,-750.0,2.62,-75.0,136.61,-3910.71,120.0,-135.0,30.0,-675.0,False,2026-10-02,,,,,,
PDSB,1.0,2026-10-16,7.0,1.2800999879837036,1.1349999904632568,0.1,11.1111,368.687,,approx (backfilled),0.05,yahoo,0.15,yahoo,0.05,0.15,5.0,-15.0,50.0,-1000.0,5.0,-100.0,456.25,-9125.0,-10.0,-10.0,-100.0,-666.67,-10.0,-66.67,-912.5,-6083.64,-5.0,-5.0,-50.0,-333.33,False,2026-10-05,,,,,,
ALOY,7.5,2026-10-16,7.0,8.118499755859375,7.201700210571289,0.3,4.16667,108.631,,approx (backfilled),0.3,yahoo,0.35,yahoo,0.45,0.6,0.17,-5.17,0.23,-147.71,0.02,-14.77,1.04,-770.15,-30.0,10.0,-40.0,285.71,-4.0,28.57,-208.57,1489.72,-22.5,17.5,-30.0,500.0,False,2026-10-02,,,,,,
WDC,390.0,2026-10-16,7.0,398.3999938964844,391.3299865722656,15.1,4.02774,105.009,14.860513,approx (backfilled),15.0,yahoo,16.65,yahoo,11.0,11.15,1500.0,-1665.0,38.46,-1000.0,3.85,-100.0,200.75,-5214.29,385.0,-565.0,9.87,-339.34,0.99,-33.93,51.62,-1769.21,392.5,-557.5,10.06,-334.83,False,2026-10-02,,,,,,
PBF,75.0,2026-10-16,7.0,79.4000015258789,86.61000061035156,2.75,3.80623,99.2338,7.670335,approx (backfilled),2.55,yahoo,2.85,yahoo,0.15,0.35,255.0,-285.0,34.0,-1000.0,3.4,-100.0,177.29,-5214.29,220.0,-270.0,29.33,-947.37,2.93,-94.74,152.78,-4940.01,230.0,-260.0,30.67,-912.28,False,2026-10-02,,,,,,
SMR,7.5,2026-10-16,7.0,7.809999942779541,7.15500020980835,0.27,3.73444,97.3622,,approx (backfilled),0.27,yahoo,0.31,yahoo,0.47,0.49,-7.5,3.5,-10.0,112.9,-1.0,11.29,-52.14,588.69,-22.0,16.0,-29.33,516.13,-2.93,51.61,-152.78,2691.09,-21.0,3.5,-28.0,112.9,True,2026-10-02,,,,,,
FSLY,25.0,2026-10-16,7.0,26.219999313354492,29.257999420166016,1.0,4.16667,108.631,,approx (backfilled),1.0,yahoo,1.15,yahoo,0.15,0.2,100.0,-115.0,40.0,-1000.0,4.0,-100.0,208.57,-5214.29,80.0,-100.0,32.0,-869.57,3.2,-86.96,166.86,-4534.34,82.5,-97.5,33.0,-847.83,False,2026-10-02,,,,,,
CRCL,80.0,2026-10-16,7.0,80.80000305175781,86.80000305175781,3.0,3.8961,101.577,54.458904,approx (backfilled),3.35,yahoo,3.45,yahoo,0.85,0.96,335.0,-345.0,41.88,-1000.0,4.19,-100.0,218.48,-5214.29,239.0,-260.0,29.88,-753.62,2.99,-75.36,155.91,-3929.49,244.5,-254.5,30.56,-737.68,False,2026-10-02,,,,,,
NUAI,6.0,2026-10-16,7.0,6.275000095367432,4.704999923706055,0.25,4.34783,113.354,,approx (backfilled),0.25,yahoo,0.4,yahoo,1.1,1.5,-104.5,89.5,-174.17,2237.5,-17.42,223.75,-908.33,11666.96,-125.0,70.0,-208.33,1750.0,-20.83,175.0,-1086.14,9125.0,-105.0,89.5,-175.0,2237.5,True,2026-10-02,,,,,,
KOD,90.0,2026-10-16,7.0,94.73999786376953,98.53500366210938,3.1,3.56732,118.37,,approx (backfilled),2.8,yahoo,3.5,yahoo,1.3,1.65,280.0,-350.0,31.11,-1000.0,3.11,-100.0,283.79,-9125.0,115.0,-220.0,12.78,-628.57,1.28,-62.86,116.8,-5735.98,132.5,-202.5,14.72,-578.57,False,2026-10-05,,,,,,
AEHR,100.0,2026-10-16,7.0,106.72000122070312,84.6050033569336,3.9,4.05827,134.661,,approx (backfilled),3.8,yahoo,4.6,yahoo,14.8,16.8,-1159.5,1079.5,-115.95,2346.74,-11.59,234.67,-1057.59,21413.64,-1300.0,1020.0,-130.0,2217.39,-13.0,221.74,-1186.25,20233.78,-1200.0,1079.5,-120.0,2346.74,True,2026-10-05,,,,,,
HIMS,28.0,2026-10-16,7.0,29.073299407958984,29.31999969482422,1.01,3.74213,97.5626,,approx (backfilled),1.0,yahoo,1.06,yahoo,0.48,0.5,100.0,-106.0,35.71,-1000.0,3.57,-100.0,186.15,-5214.29,50.0,-58.0,17.86,-547.17,1.79,-54.72,93.34,-2853.26,51.0,-57.0,18.21,-537.74,False,2026-10-02,,,,,,
TE,3.5,2026-10-16,7.0,3.674999952316284,3.369999885559082,0.15,4.47761,148.575,,approx (backfilled),0.15,yahoo,0.2,yahoo,0.2,0.25,2.0,-7.0,5.71,-350.0,0.57,-35.0,52.01,-3193.75,-10.0,0.0,-28.57,0.0,-2.86,0.0,-260.97,0.0,-7.5,2.5,-21.43,125.0,False,2026-10-05,,,,,,
PENG,55.0,2026-10-16,7.0,60.33000183105469,73.12000274658203,2.75,5.26316,192.105,27.811539,approx (backfilled),2.9,yahoo,3.2,yahoo,,0.1,290.0,-320.0,52.73,-1000.0,5.27,-100.0,641.18,-12166.67,280.0,,50.91,,5.09,,619.28,,,,,,False,2026-10-06,,,,,,
CIFR,15.0,2026-10-16,7.0,15.600099563598633,13.34000015258789,0.57,3.9501,144.179,,approx (backfilled),0.52,yahoo,0.55,yahoo,1.73,1.91,-114.0,111.0,-76.0,2018.18,-7.6,201.82,-924.67,24554.77,-139.0,118.0,-92.67,2145.45,-9.27,214.55,-1127.85,26103.58,-130.0,111.0,-86.67,2018.18,True,2026-10-06,,,,,,
APLD,24.0,2026-10-16,7.0,25.18000030517578,23.084999084472656,1.05,4.57516,166.993,,approx (backfilled),1.08,yahoo,1.14,yahoo,1.42,1.5,16.5,-22.5,6.88,-197.37,0.69,-19.74,83.95,-2401.7,-42.0,28.0,-17.5,245.61,-1.75,24.56,-212.92,2988.13,-38.0,32.0,-15.83,280.7,False,2026-10-06,,,,,,
DNA,12.0,2026-10-16,7.0,13.163100242614746,12.600000381469727,0.55,4.80349,175.328,,approx (backfilled),0.5,yahoo,0.75,yahoo,0.35,0.75,50.0,-75.0,41.67,-1000.0,4.17,-100.0,507.35,-12166.67,-25.0,-40.0,-20.83,-533.33,-2.08,-53.33,-253.07,-6488.48,-5.0,-20.0,-4.17,-266.67,False,2026-10-06,,,,,,
CIFR,14.0,2026-10-16,7.0,14.704999923706055,13.345000267028809,0.49,3.62694,147.093,,approx (backfilled),0.45,yahoo,0.5,yahoo,1.02,1.07,-20.5,15.5,-14.64,310.0,-1.46,31.0,-266.45,5657.5,-62.0,52.0,-44.29,1040.0,-4.43,104.0,-808.47,18980.0,-59.5,15.5,-42.5,310.0,True,2026-10-07,,,,,,
AAOI,115.0,2026-10-16,7.0,121.33999633789062,112.96119689941406,3.9,3.51035,142.364,,approx (backfilled),3.7,yahoo,4.0,yahoo,6.7,7.7,166.12,-196.12,14.45,-490.3,1.44,-49.03,262.8,-8947.98,-400.0,270.0,-34.78,675.0,-3.48,67.5,-635.1,12318.75,-350.0,320.0,-30.43,800.0,False,2026-10-07,,,,,,
NBIS,230.0,2026-10-16,7.0,236.25,220.35000610351562,7.4,3.32435,134.821,177.70314,approx (backfilled),7.85,yahoo,8.3,yahoo,13.5,13.9,-180.0,135.0,-7.83,162.65,-0.78,16.27,-142.35,2969.28,-605.0,520.0,-26.3,626.51,-2.63,62.65,-479.97,11433.62,-585.0,135.0,-25.43,162.65,True,2026-10-07,,,,,,
NBIS,245.0,2026-10-16,7.0,253.02000427246094,220.35000610351562,8.6,3.6379,132.783,177.70703,approx (backfilled),9.25,yahoo,9.5,yahoo,24.95,26.75,-1540.0,1515.0,-62.86,1594.74,-6.29,159.47,-765.28,19402.18,-1750.0,1545.0,-71.43,1626.32,-7.14,162.63,-868.7,19786.65,-1660.0,1515.0,-67.76,1594.74,True,2026-10-06,,,,,,
ABCL,13.0,2026-10-16,7.0,13.194999694824219,12.657999992370605,0.45,3.58566,130.876,,approx (backfilled),0.5,yahoo,0.65,yahoo,0.7,1.1,15.8,-30.8,12.15,-473.85,1.22,-47.38,148.43,-5764.57,-60.0,5.0,-46.15,76.92,-4.62,7.69,-562.1,935.62,-40.0,25.0,-30.77,384.62,False,2026-10-06,,,,,,
TEM,70.0,2026-10-16,7.0,71.89600372314453,70.1449966430664,2.29,3.38207,123.446,,approx (backfilled),2.54,yahoo,2.69,yahoo,2.73,2.95,254.0,-269.0,36.29,-1000.0,3.63,-100.0,441.65,-12166.67,-41.0,4.0,-5.86,14.87,-0.59,1.49,-71.78,181.28,-30.0,15.0,-4.29,55.76,False,2026-10-06,,,,,,
XE,15.0,2026-10-16,7.0,15.4350004196167,13.691300392150879,0.5,3.44828,125.862,,approx (backfilled),0.5,yahoo,0.6,yahoo,1.35,1.6,-80.87,70.87,-53.91,1181.17,-5.39,118.12,-655.78,14371.27,-110.0,75.0,-73.33,1250.0,-7.33,125.0,-891.82,15208.33,-97.5,70.87,-65.0,1181.17,True,2026-10-06,,,,,,
OKLO,38.0,2026-10-16,7.0,38.582298278808594,34.27000045776367,1.28,3.48584,127.233,,approx (backfilled),1.41,yahoo,1.52,yahoo,3.55,4.0,-232.0,221.0,-61.05,1453.95,-6.11,145.39,-743.38,17689.12,-259.0,203.0,-68.16,1335.53,-6.82,133.55,-829.77,16248.58,-236.5,221.0,-62.24,1453.95,True,2026-10-06,,,,,,
MARA,10.0,2026-10-16,7.0,10.274999618530273,9.67710018157959,0.32,3.30579,134.068,,approx (backfilled),0.34,yahoo,0.35,yahoo,0.52,0.55,1.71,-2.71,1.71,-77.43,0.17,-7.74,31.03,-1412.55,-21.0,17.0,-21.0,485.71,-2.1,48.57,-383.25,8864.02,-19.5,18.5,-19.5,528.57,False,2026-10-07,,,,,,
EOSE,3.0,2026-10-16,7.0,3.0850000381469727,2.5950000286102295,0.11,3.80623,154.364,,approx (backfilled),0.1,yahoo,0.12,yahoo,0.4,0.43,-30.5,28.5,-101.67,2375.0,-10.17,237.5,-1856.03,43343.75,-33.0,28.0,-110.0,2333.33,-11.0,233.33,-2007.5,42582.73,-31.5,28.5,-105.0,2375.0,True,2026-10-07,,,,,,
APLD,23.0,2026-10-16,7.0,25.18000030517578,23.084999084472656,0.7,3.13901,114.574,,approx (backfilled),0.72,yahoo,0.8,yahoo,0.87,0.9,72.0,-80.0,31.3,-1000.0,3.13,-100.0,380.82,-12166.67,-18.0,7.0,-7.83,87.5,-0.78,8.75,-94.9,1064.58,-16.5,8.5,-7.17,106.25,False,2026-10-06,,,,,,
PURR,12.0,2026-10-16,7.0,12.885000228881836,11.34000015258789,0.35,3.00429,109.657,3.4252336,approx (backfilled),0.35,yahoo,0.45,yahoo,0.95,1.1,-31.0,21.0,-25.83,466.67,-2.58,46.67,-313.9,5678.18,-75.0,50.0,-62.5,1111.11,-6.25,111.11,-760.42,13518.38,-67.5,21.0,-56.25,466.67,True,2026-10-06,,,,,,
ILMN,270.0,2026-10-16,7.0,275.364990234375,268.8399963378906,7.8,2.97483,108.581,48.498135,approx (backfilled),7.2,yahoo,8.5,yahoo,8.0,9.1,604.0,-734.0,22.37,-863.53,2.24,-86.35,272.53,-10505.92,-190.0,-50.0,-7.04,-58.82,-0.7,-5.88,-85.17,-715.4,-135.0,5.0,-5.0,5.88,False,2026-10-06,,,,,,
STX,800.0,2026-10-16,7.0,814.5050048828125,774.5150146484375,23.0,2.9601,108.044,56.52739,approx (backfilled),23.8,yahoo,26.6,yahoo,36.5,38.6,-168.5,-111.5,-2.11,-41.92,-0.21,-4.19,-25.55,-509.78,-1480.0,990.0,-18.5,372.18,-1.85,37.22,-225.08,4528.43,-1375.0,1095.0,-17.19,411.65,False,2026-10-06,,,,,,
CRML,7.0,2026-10-16,7.0,7.510000228881836,6.675000190734863,0.2,2.94118,107.353,,approx (backfilled),0.2,yahoo,0.3,yahoo,0.5,0.65,-12.5,2.5,-17.86,83.33,-1.79,8.33,-217.78,1013.48,-45.0,20.0,-64.29,666.67,-6.43,66.67,-782.32,8111.52,-37.5,2.5,-53.57,83.33,True,2026-10-06,,,,,,
HTZ,2.0,2026-10-16,7.0,2.050100088119507,1.8849999904632568,0.16,8.69565,317.391,,approx (backfilled),0.17,yahoo,0.23,yahoo,0.18,0.19,5.5,-11.5,27.5,-500.0,2.75,-50.0,334.58,-6083.33,-2.0,-5.0,-10.0,-217.39,-1.0,-21.74,-121.67,-2645.03,-1.5,-4.5,-7.5,-195.65,False,2026-10-06,,,,,,
MRNA,190.0,2026-10-16,7.0,196.25,212.82000732421875,7.0,3.82514,155.131,,approx (backfilled),6.75,yahoo,7.3,yahoo,2.56,3.0,675.0,-730.0,35.53,-1000.0,3.55,-100.0,647.88,-18250.0,375.0,-474.0,19.74,-649.32,1.97,-64.93,359.52,-11849.73,397.0,-452.0,20.89,-619.18,False,2026-10-07,,,,,,
ABSI,9.0,2026-10-16,7.0,9.158599853515625,10.154999732971191,0.35,4.04624,164.098,,approx (backfilled),0.35,yahoo,0.45,yahoo,0.15,0.25,35.0,-45.0,38.89,-1000.0,3.89,-100.0,709.93,-18250.0,10.0,-30.0,11.11,-666.67,1.11,-66.67,202.58,-12167.27,15.0,-25.0,16.67,-555.56,False,2026-10-07,,,,,,
COHR,320.0,2026-10-16,7.0,333.8450012207031,310.3900146484375,9.4,3.0264,122.737,76.3835,approx (backfilled),7.7,yahoo,9.6,yahoo,17.1,18.9,-191.0,1.0,-5.97,1.04,-0.6,0.1,-109.5,18.25,-1120.0,750.0,-35.0,781.25,-3.5,78.12,-638.75,14256.9,-1030.0,1.0,-32.19,1.04,True,2026-10-07,,,,,,
BMNR,24.0,2026-10-16,7.0,24.434999465942383,24.209999084472656,0.71,3.04852,123.634,,approx (backfilled),0.77,yahoo,0.81,yahoo,0.75,0.8,77.0,-81.0,32.08,-1000.0,3.21,-100.0,585.83,-18250.0,-3.0,-6.0,-1.25,-74.07,-0.12,-7.41,-21.9,-1352.33,-0.5,-3.5,-0.21,-43.21,False,2026-10-07,,,,,,
BE,282.5,2026-10-16,7.0,290.07000732421875,273.19500732421875,8.55,3.12101,126.574,363.63156,approx (backfilled),8.55,yahoo,8.7,yahoo,14.45,14.6,-75.5,60.5,-2.67,69.54,-0.27,6.95,-49.28,1268.38,-605.0,575.0,-21.42,660.92,-2.14,66.09,-390.55,12061.43,-597.5,60.5,-21.15,69.54,True,2026-10-07,,,,,,
SMCI,43.5,2026-10-16,7.0,44.64500045776367,41.255001068115234,1.32,3.12945,126.916,13.121166,approx (backfilled),1.25,yahoo,1.31,yahoo,2.66,2.76,-99.5,93.5,-22.87,713.74,-2.29,71.37,-417.93,13025.03,-151.0,135.0,-34.71,1030.53,-3.47,103.05,-633.28,18806.62,-146.0,93.5,-33.56,713.74,True,2026-10-07,,,,,,
APLD,22.0,2026-10-16,7.0,23.885000228881836,23.1028995513916,0.67,3.14112,127.39,,approx (backfilled),0.68,yahoo,0.72,yahoo,0.42,0.48,68.0,-72.0,30.91,-1000.0,3.09,-100.0,563.92,-18250.0,20.0,-30.0,9.09,-416.67,0.91,-41.67,166.08,-7604.78,23.0,-27.0,10.45,-375.0,False,2026-10-07,,,,,,
FCEL,17.0,2026-10-16,7.0,17.810100555419922,17.34000015258789,0.55,3.34347,135.596,,approx (backfilled),0.6,yahoo,0.65,yahoo,0.6,0.7,60.0,-65.0,35.29,-1000.0,3.53,-100.0,644.22,-18250.0,-10.0,-5.0,-5.88,-76.92,-0.59,-7.69,-107.67,-1403.43,-5.0,-0.0,-2.94,-0.0,False,2026-10-07,,,,,,
SLS,11.0,2026-10-16,7.0,11.3100004196167,11.489999771118164,0.4,3.77358,153.04,,approx (backfilled),0.4,yahoo,0.55,yahoo,0.35,0.45,40.0,-55.0,36.36,-1000.0,3.64,-100.0,664.3,-18250.0,-5.0,-20.0,-4.55,-363.64,-0.45,-36.36,-82.12,-6635.7,0.0,-15.0,0.0,-272.73,False,2026-10-07,,,,,,
BE,280.0,2026-10-16,7.0,288.1000061035156,273.19500732421875,8.4,3.09278,125.43,363.48026,approx (backfilled),8.65,yahoo,8.75,yahoo,12.8,12.95,184.5,-194.5,6.59,-222.29,0.66,-22.23,120.45,-4056.97,-430.0,405.0,-15.36,462.86,-1.54,46.29,-281.05,8447.92,-422.5,412.5,-15.09,471.43,False,2026-10-07,,,,,,
AXTI,75.0,2026-10-16,7.0,81.53500366210938,69.06500244140625,2.25,3.09278,125.43,1841.5001,approx (backfilled),2.1,yahoo,2.4,yahoo,7.3,7.7,-383.5,353.5,-51.13,1472.92,-5.11,147.29,-932.58,26880.42,-560.0,490.0,-74.67,2041.67,-7.47,204.17,-1363.27,37261.02,-540.0,353.5,-72.0,1472.92,True,2026-10-07,,,,,,
SMCI,43.0,2026-10-16,7.0,44.071998596191406,41.255001068115234,1.31,3.14224,127.435,13.121166,approx (backfilled),1.29,yahoo,1.37,yahoo,2.31,2.39,-45.5,37.5,-10.58,273.72,-1.06,27.37,-193.45,4995.03,-110.0,94.0,-25.58,686.13,-2.56,68.61,-467.2,12521.33,-106.0,37.5,-24.65,273.72,True,2026-10-07,,,,,,
ASTS,58.0,2026-10-16,7.0,59.380001068115234,47.96500015258789,1.77,3.14779,127.66,,approx (backfilled),1.95,yahoo,2.02,yahoo,8.95,9.7,-808.5,801.5,-139.4,3967.82,-13.94,396.78,-2544.05,72412.35,-775.0,693.0,-133.62,3430.69,-13.36,343.07,-2438.2,62610.28,-737.5,801.5,-127.16,3967.82,True,2026-10-07,,,,,,
IREN,38.0,2026-10-16,7.0,38.900001525878906,34.90999984741211,1.16,3.14875,127.699,,approx (backfilled),1.29,yahoo,1.35,yahoo,3.3,3.4,-180.0,174.0,-47.37,1288.89,-4.74,128.89,-865.05,23522.42,-211.0,195.0,-55.53,1444.44,-5.55,144.44,-1012.88,26360.3,-206.0,174.0,-54.21,1288.89,True,2026-10-07,,,,,,
CRWV,86.0,2026-10-16,7.0,88.47000122070312,81.84500122070312,2.63,3.15461,127.937,,approx (backfilled),2.69,yahoo,2.86,yahoo,5.05,5.35,-146.5,129.5,-17.03,452.8,-1.7,45.28,-310.25,8263.6,-266.0,219.0,-30.93,765.73,-3.09,76.57,-563.92,13974.02,-251.0,129.5,-29.19,452.8,True,2026-10-07,,,,,,
LEVI,19.0,2026-10-16,7.0,19.514999389648438,18.584999084472656,0.6,3.26087,132.246,13.417857,approx (backfilled),0.6,yahoo,0.7,yahoo,0.55,0.65,18.5,-28.5,9.74,-407.14,0.97,-40.71,177.03,-7429.57,-5.0,-15.0,-2.63,-214.29,-0.26,-21.43,-47.45,-3910.97,-0.0,-10.0,-0.0,-142.86,False,2026-10-07,,,,,,
SMCI,40.5,2026-10-16,7.0,41.32500076293945,41.255001068115234,0.99,2.50569,130.654,12.676381,yahoo,0.96,yahoo,0.99,yahoo,0.98,0.99,96.0,-99.0,23.7,-1000.0,2.37,-100.0,,,-3.0,-1.0,-0.74,-10.1,-0.07,-1.01,,,-2.5,-0.5,-0.62,-5.05,False,2026-10-09,,,,,,
ASTS,49.0,2026-10-16,7.0,47.9900016784668,47.97010040283203,1.32,2.76846,144.355,,yahoo,1.92,yahoo,2.03,yahoo,2.08,2.18,89.01,-100.01,18.17,-492.66,1.82,-49.27,,,-26.0,5.0,-5.31,24.63,-0.53,2.46,,,-21.0,10.0,-4.29,49.26,False,2026-10-09,,,,,,
MSTR,152.5,2026-10-16,7.0,157.35000610351562,157.3000030517578,3.85,2.58998,135.049,,yahoo,3.45,yahoo,3.5,yahoo,3.4,3.45,345.0,-350.0,22.62,-1000.0,2.26,-100.0,,,0.0,-10.0,0.0,-28.57,0.0,-2.86,,,2.5,-7.5,0.16,-21.43,False,2026-10-09,,,,,,
EOSE,2.5,2026-10-16,7.0,2.5950000286102295,2.5950000286102295,0.07,2.88066,150.206,,yahoo,0.07,yahoo,0.08,yahoo,0.07,0.09,7.0,-8.0,28.0,-1000.0,2.8,-100.0,,,-2.0,-1.0,-8.0,-125.0,-0.8,-12.5,,,-1.0,0.0,-4.0,0.0,False,2026-10-09,,,,,,
NBIS,217.5,2026-10-16,7.0,220.58999633789062,220.30499267578125,5.95,2.81257,146.656,172.33594,yahoo,6.1,yahoo,6.5,yahoo,6.2,6.55,610.0,-650.0,28.05,-1000.0,2.8,-100.0,,,-45.0,-30.0,-2.07,-46.15,-0.21,-4.62,,,-27.5,-12.5,-1.26,-19.23,False,2026-10-09,,,,,,
IBRX,10.0,2026-10-16,7.0,10.449999809265137,10.454500198364258,0.25,2.5641,133.7,,yahoo,0.25,yahoo,0.45,yahoo,0.25,0.45,25.0,-45.0,25.0,-1000.0,2.5,-100.0,,,-20.0,-20.0,-20.0,-444.44,-2.0,-44.44,,,-10.0,-10.0,-10.0,-222.22,False,2026-10-09,,,,,,
BE,260.0,2026-10-16,7.0,266.010009765625,273.32000732421875,7.95,3.15414,143.907,349.86816,yahoo,7.7,yahoo,8.0,yahoo,4.15,4.25,770.0,-800.0,29.62,-1000.0,2.96,-100.0,1080.4,-36500.0,345.0,-385.0,13.27,-481.25,1.33,-48.12,485.45,-17563.8,350.0,-380.0,13.46,-475.0,False,2026-10-08,,,,,,
HUM,350.0,2026-10-16,7.0,384.3399963378906,436.68499755859375,10.3,3.03209,138.339,36.32703,yahoo,10.2,yahoo,12.0,yahoo,0.1,0.2,1020.0,-1200.0,29.14,-1000.0,2.91,-100.0,1062.15,-36500.0,1000.0,-1190.0,28.57,-991.67,2.86,-99.17,1043.9,-36197.05,1005.0,-1185.0,28.71,-987.5,False,2026-10-08,,,,,,
SMCI,41.5,2026-10-16,7.0,42.07780075073242,41.2400016784668,1.2,2.97767,135.856,12.903374,yahoo,1.29,yahoo,1.47,yahoo,1.42,1.49,103.0,-121.0,24.82,-823.13,2.48,-82.31,905.2,-30043.15,-20.0,-5.0,-4.82,-34.01,-0.48,-3.4,-175.2,-1241.0,-16.5,-1.5,-3.98,-10.2,False,2026-10-08,,,,,,
GME,25.0,2026-10-16,7.0,25.639999389648438,26.590099334716797,0.71,2.92301,133.362,16.868422,yahoo,0.7,yahoo,0.77,yahoo,0.28,0.3,70.0,-77.0,28.0,-1000.0,2.8,-100.0,1022.0,-36500.0,40.0,-49.0,16.0,-636.36,1.6,-63.64,584.0,-23228.6,41.0,-48.0,16.4,-623.38,False,2026-10-08,,,,,,
COHR,300.0,2026-10-16,7.0,306.1449890136719,310.17498779296875,8.5,2.91595,133.04,74.30704,yahoo,10.3,yahoo,11.3,yahoo,7.7,8.6,1030.0,-1130.0,34.33,-1000.0,3.43,-100.0,1251.95,-36500.0,170.0,-360.0,5.67,-318.58,0.57,-31.86,208.05,-11628.9,215.0,-315.0,7.17,-278.76,False,2026-10-08,,,,,,
CBRS,160.0,2026-10-16,7.0,162.47999572753906,165.52999877929688,4.5,2.89389,132.034,,yahoo,4.8,yahoo,5.5,yahoo,3.4,3.7,480.0,-550.0,30.0,-1000.0,3.0,-100.0,1095.0,-36500.0,110.0,-210.0,6.88,-381.82,0.69,-38.18,251.85,-13935.7,125.0,-195.0,7.81,-354.55,False,2026-10-08,,,,,,
EQPT,15.0,2026-10-16,7.0,15.305000305175781,15.140000343322754,0.95,6.76157,308.496,139.13637,yahoo,0.8,yahoo,1.1,yahoo,1.05,1.4,80.0,-110.0,53.33,-1000.0,5.33,-100.0,1945.45,-36500.0,-60.0,-5.0,-40.0,-45.45,-4.0,-4.55,-1460.0,-1660.75,-42.5,12.5,-28.33,113.64,False,2026-10-08,,,,,,
NVTS,10.5,2026-10-16,7.0,10.885000228881836,10.657999992370605,0.33,3.24484,148.046,,yahoo,0.29,yahoo,0.31,yahoo,0.28,0.29,29.0,-31.0,27.62,-1000.0,2.76,-100.0,1007.4,-36500.0,0.0,-3.0,0.0,-96.77,0.0,-9.68,0.0,-3533.2,0.5,-2.5,0.48,-80.65,False,2026-10-08,,,,,,
GMAB,35.0,2026-10-16,7.0,36.1349983215332,36.90999984741211,1.05,3.09278,141.108,28.452755,yahoo,1.05,yahoo,1.4,yahoo,0.25,1.0,105.0,-140.0,30.0,-1000.0,3.0,-100.0,1095.0,-36500.0,5.0,-115.0,1.43,-821.43,0.14,-82.14,51.1,-29981.1,42.5,-77.5,12.14,-553.57,False,2026-10-08,,,,,,
KEEL,3.0,2026-10-16,7.0,3.1600000858306885,3.0850000381469727,0.09,3.09278,141.108,,yahoo,0.07,yahoo,0.09,yahoo,0.08,0.1,7.0,-9.0,23.33,-1000.0,2.33,-100.0,850.45,-36500.0,-3.0,-1.0,-10.0,-111.11,-1.0,-11.11,-365.0,-4055.15,-2.0,0.0,-6.67,0.0,False,2026-10-08,,,,,,
XRX,3.0,2026-10-16,7.0,3.0220000743865967,2.744999885559082,0.1,3.44828,139.847,,approx (backfilled),0.1,yahoo,0.15,yahoo,0.25,0.35,-15.5,10.5,-51.67,700.0,-5.17,70.0,-943.52,12775.0,-25.0,10.0,-83.33,666.67,-8.33,66.67,-1520.22,12167.27,-20.0,10.5,-66.67,700.0,True,2026-10-07,,,,,,
WULF,14.0,2026-10-16,7.0,14.375,13.6850004196167,0.45,3.32103,134.686,,approx (backfilled),0.46,yahoo,0.49,yahoo,0.73,0.76,14.5,-17.5,10.36,-357.14,1.04,-35.71,189.8,-6517.07,-30.0,24.0,-21.43,489.8,-2.14,48.98,-390.55,8938.85,-28.5,25.5,-20.36,520.41,False,2026-10-07,,,,,,
CIFR,13.0,2026-10-16,7.0,13.505000114440918,13.340100288391113,0.45,3.58566,163.596,,yahoo,0.45,yahoo,0.47,yahoo,0.46,0.47,45.0,-47.0,34.62,-1000.0,3.46,-100.0,1262.9,-36500.0,-2.0,-1.0,-1.54,-21.28,-0.15,-2.13,-54.75,-777.45,-1.5,-0.5,-1.15,-10.64,False,2026-10-08,,,,,,
AXTI,70.0,2026-10-16,7.0,73.6500015258789,69.06500244140625,2.4,3.5503,161.982,1841.2501,yahoo,2.25,yahoo,2.65,yahoo,3.8,4.1,131.5,-171.5,18.79,-647.17,1.88,-64.72,686.2,-23622.8,-185.0,115.0,-26.43,433.96,-2.64,43.4,-963.6,15841.0,-170.0,130.0,-24.29,490.57,False,2026-10-08,,,,,,
WULF,13.0,2026-10-16,7.0,13.414999961853027,13.6850004196167,0.37,2.92953,133.66,,yahoo,0.39,yahoo,0.4,yahoo,0.27,0.28,39.0,-40.0,30.0,-1000.0,3.0,-100.0,1095.0,-36500.0,11.0,-13.0,8.46,-325.0,0.85,-32.5,310.25,-11862.5,11.5,-12.5,8.85,-312.5,False,2026-10-08,,,,,,
CRWV,82.5,2026-10-16,7.0,84.4135971069336,81.87069702148438,2.3,2.86783,130.845,,yahoo,2.23,yahoo,2.34,yahoo,3.05,3.2,160.07,-171.07,19.4,-731.07,1.94,-73.11,708.1,-26685.15,-97.0,71.0,-11.76,303.42,-1.18,30.34,-430.7,11074.1,-89.5,78.5,-10.85,335.47,False,2026-10-08,,,,,,
LITE,1050.0,2026-10-16,7.0,1069.991943359375,1116.8375244140625,28.3,2.76989,126.376,,yahoo,28.7,yahoo,33.0,yahoo,14.4,15.0,2870.0,-3300.0,27.33,-1000.0,2.73,-100.0,996.45,-36500.0,1370.0,-1860.0,13.05,-563.64,1.3,-56.36,474.5,-20571.4,1400.0,-1830.0,13.33,-554.55,False,2026-10-08,,,,,,
BE,270.0,2026-10-16,7.0,276.5,273.19500732421875,7.15,2.72018,124.108,363.8158,yahoo,7.3,yahoo,7.4,yahoo,7.55,7.7,730.0,-740.0,27.04,-1000.0,2.7,-100.0,985.5,-36500.0,-40.0,15.0,-1.48,20.27,-0.15,2.03,-54.75,740.95,-32.5,22.5,-1.2,30.41,False,2026-10-08,,,,,,
PENG,70.0,2026-10-16,7.0,72.2699966430664,73.20999908447266,1.85,2.7146,123.854,27.796154,yahoo,2.0,yahoo,2.25,yahoo,1.55,2.1,200.0,-225.0,28.57,-1000.0,2.86,-100.0,1043.9,-36500.0,-10.0,-70.0,-1.43,-311.11,-0.14,-31.11,-51.1,-11355.15,17.5,-42.5,2.5,-188.89,False,2026-10-08,,,,,,
IONQ,39.0,2026-10-16,7.0,40.002201080322266,39.33000183105469,1.0,2.63158,120.066,,yahoo,1.0,yahoo,1.04,yahoo,1.13,1.23,100.0,-104.0,25.64,-1000.0,2.56,-100.0,934.4,-36500.0,-23.0,9.0,-5.9,86.54,-0.59,8.65,-215.35,3157.25,-18.0,14.0,-4.62,134.62,False,2026-10-08,,,,,,
MRVL,270.0,2026-10-16,7.0,275.7099914550781,271.5950012207031,6.9,2.62258,119.655,90.69408,yahoo,6.5,yahoo,6.75,yahoo,7.8,8.2,650.0,-675.0,24.07,-1000.0,2.41,-100.0,879.65,-36500.0,-170.0,105.0,-6.3,155.56,-0.63,15.56,-229.95,5679.4,-150.0,125.0,-5.56,185.19,False,2026-10-08,,,,,,
RKLB,68.0,2026-10-16,7.0,68.67990112304688,67.45999908447266,1.72,2.59505,118.399,,yahoo,1.81,yahoo,1.9,yahoo,2.46,2.52,127.0,-136.0,18.68,-715.79,1.87,-71.58,682.55,-26126.7,-71.0,56.0,-10.44,294.74,-1.04,29.47,-379.6,10756.55,-68.0,59.0,-10.0,310.53,False,2026-10-08,,,,,,
QNT,40.0,2026-10-16,7.0,41.63999938964844,41.165000915527344,1.0,2.5641,116.987,,yahoo,1.0,yahoo,1.1,yahoo,1.05,1.25,100.0,-110.0,25.0,-1000.0,2.5,-100.0,912.5,-36500.0,-25.0,-5.0,-6.25,-45.45,-0.62,-4.55,-226.3,-1660.75,-15.0,5.0,-3.75,45.45,False,2026-10-08,,,,,,
MARA,9.5,2026-10-16,7.0,9.904999732971191,9.670100212097168,0.24,2.59179,118.251,,yahoo,0.24,yahoo,0.26,yahoo,0.27,0.28,24.0,-26.0,25.26,-1000.0,2.53,-100.0,923.45,-36500.0,-4.0,1.0,-4.21,38.46,-0.42,3.85,-153.3,1405.25,-3.5,1.5,-3.68,57.69,False,2026-10-08,,,,,,
TEM,65.0,2026-10-16,7.0,67.61799621582031,70.02010345458984,1.62,2.55601,116.618,,yahoo,1.62,yahoo,1.82,yahoo,0.8,0.88,162.0,-182.0,24.92,-1000.0,2.49,-100.0,908.85,-36500.0,74.0,-102.0,11.38,-560.44,1.14,-56.04,416.1,-20454.6,78.0,-98.0,12.0,-538.46,False,2026-10-08,,,,,,
AAOI,105.0,2026-10-16,7.0,111.25,113.0,2.6,2.53906,115.845,,yahoo,2.7,yahoo,2.9,yahoo,2.3,2.7,270.0,-290.0,25.71,-1000.0,2.57,-100.0,938.05,-36500.0,0.0,-60.0,0.0,-206.9,0.0,-20.69,0.0,-7551.85,20.0,-40.0,1.9,-137.93,False,2026-10-08,,,,,,
AAOI,100.0,2026-10-16,7.0,105.9000015258789,112.9634017944336,2.8,2.88066,131.43,,yahoo,2.8,yahoo,3.2,yahoo,1.15,1.4,280.0,-320.0,28.0,-1000.0,2.8,-100.0,,,140.0,-205.0,14.0,-640.62,1.4,-64.06,,,152.5,-192.5,15.25,-601.56,False,2026-10-09,,,,,,
CRWV,82.0,2026-10-16,7.0,84.38999938964844,81.87069702148438,2.03,2.53845,115.817,,yahoo,2.05,yahoo,2.15,yahoo,2.72,2.81,192.07,-202.07,23.42,-939.86,2.34,-93.99,854.1,-34306.35,-76.0,57.0,-9.27,265.12,-0.93,26.51,-339.45,9676.15,-71.5,61.5,-8.72,286.05,False,2026-10-08,,,,,,
BE,262.5,2026-10-16,7.0,266.010009765625,273.32000732421875,9.0,3.5503,161.982,350.01318,yahoo,8.85,yahoo,9.1,yahoo,4.75,4.8,885.0,-910.0,33.71,-1000.0,3.37,-100.0,1230.05,-36500.0,405.0,-435.0,15.43,-478.02,1.54,-47.8,562.1,-17447.0,407.5,-432.5,15.52,-475.27,False,2026-10-08,,,,,,
CIFR,12.5,2026-10-16,7.0,12.952899932861328,13.340100288391113,0.42,3.47682,158.63,,yahoo,0.45,yahoo,0.51,yahoo,0.23,0.27,45.0,-51.0,36.0,-1000.0,3.6,-100.0,1314.0,-36500.0,18.0,-28.0,14.4,-549.02,1.44,-54.9,525.6,-20038.5,20.0,-26.0,16.0,-509.8,False,2026-10-08,,,,,,
RIOT,16.0,2026-10-16,7.0,16.559900283813477,16.860000610351562,0.52,3.35917,153.262,,yahoo,0.49,yahoo,0.53,yahoo,0.34,0.36,49.0,-53.0,30.62,-1000.0,3.06,-100.0,1116.9,-36500.0,13.0,-19.0,8.12,-358.49,0.81,-35.85,295.65,-13085.25,14.0,-18.0,8.75,-339.62,False,2026-10-08,,,,,,
NBIS,215.0,2026-10-16,7.0,220.0,220.36000061035156,6.65,3.19174,145.623,171.82031,yahoo,6.85,yahoo,7.0,yahoo,5.25,5.45,685.0,-700.0,31.86,-1000.0,3.19,-100.0,1164.35,-36500.0,140.0,-175.0,6.51,-250.0,0.65,-25.0,237.25,-9125.0,150.0,-165.0,6.98,-235.71,False,2026-10-08,,,,,,
HUM,375.0,2026-10-16,7.0,387.1199951171875,436.68499755859375,18.2,5.1009,232.728,36.58979,yahoo,18.2,yahoo,24.6,yahoo,0.3,0.95,1820.0,-2460.0,48.53,-1000.0,4.85,-100.0,,,1725.0,-2430.0,46.0,-987.8,4.6,-98.78,,,1757.5,-2397.5,46.87,-974.59,False,2026-10-09,,,,,,
ERAS,15.0,2026-10-16,7.0,15.460000038146973,15.609999656677246,0.6,4.16667,190.104,,yahoo,0.6,yahoo,0.8,yahoo,0.5,0.75,60.0,-80.0,40.0,-1000.0,4.0,-100.0,,,-15.0,-30.0,-10.0,-375.0,-1.0,-37.5,,,-2.5,-17.5,-1.67,-218.75,False,2026-10-09,,,,,,
IRON,55.0,2026-10-16,7.0,62.584999084472656,62.584999084472656,4.5,8.91089,464.639,,yahoo,4.0,yahoo,5.3,yahoo,4.0,5.3,400.0,-530.0,72.73,-1000.0,7.27,-100.0,,,-130.0,-130.0,-23.64,-245.28,-2.36,-24.53,,,-65.0,-65.0,-11.82,-122.64,False,2026-10-09,,,,,,
MXL,90.0,2026-10-16,7.0,93.69999694824219,97.5,2.95,3.38886,154.617,,yahoo,2.95,yahoo,3.5,yahoo,1.65,2.1,295.0,-350.0,32.78,-1000.0,3.28,-100.0,,,85.0,-185.0,9.44,-528.57,0.94,-52.86,,,107.5,-162.5,11.94,-464.29,False,2026-10-09,,,,,,
PURR,11.0,2026-10-16,7.0,11.300000190734863,11.335000038146973,0.35,3.28639,149.941,3.5202491,yahoo,0.35,yahoo,0.45,yahoo,0.35,0.4,35.0,-45.0,31.82,-1000.0,3.18,-100.0,,,-5.0,-10.0,-4.55,-222.22,-0.45,-22.22,,,-2.5,-7.5,-2.27,-166.67,False,2026-10-09,,,,,,
BE,265.0,2026-10-16,7.0,272.82000732421875,273.2200012207031,7.45,2.89264,131.977,358.9737,yahoo,7.45,yahoo,7.7,yahoo,5.7,5.85,745.0,-770.0,28.11,-1000.0,2.81,-100.0,,,160.0,-200.0,6.04,-259.74,0.6,-25.97,,,167.5,-192.5,6.32,-250.0,False,2026-10-09,,,,,,
HUT,75.0,2026-10-16,7.0,79.58999633789062,81.05999755859375,1.94,2.65535,121.15,,yahoo,1.94,yahoo,2.27,yahoo,1.18,1.48,194.0,-227.0,25.87,-1000.0,2.59,-100.0,,,46.0,-109.0,6.13,-480.18,0.61,-48.02,,,61.0,-94.0,8.13,-414.1,False,2026-10-09,,,,,,
MRNA,200.0,2026-10-16,7.0,212.85000610351562,212.8520965576172,5.6,2.88066,150.206,,yahoo,5.8,yahoo,6.2,yahoo,5.6,6.2,580.0,-620.0,29.0,-1000.0,2.9,-100.0,,,-40.0,-60.0,-2.0,-96.77,-0.2,-9.68,,,-10.0,-30.0,-0.5,-48.39,False,2026-10-09,,,,,,
MRNA,202.5,2026-10-16,7.0,212.85000610351562,212.8520965576172,6.4,3.26364,170.176,,yahoo,6.3,yahoo,7.55,yahoo,6.3,7.55,630.0,-755.0,31.11,-1000.0,3.11,-100.0,,,-125.0,-125.0,-6.17,-165.56,-0.62,-16.56,,,-62.5,-62.5,-3.09,-82.78,False,2026-10-09,,,,,,
SECZ,12.5,2026-10-16,7.0,13.399999618530273,13.385000228881836,0.5,4.16667,217.262,,yahoo,0.45,yahoo,0.55,yahoo,0.45,0.55,45.0,-55.0,36.0,-1000.0,3.6,-100.0,,,-10.0,-10.0,-8.0,-181.82,-0.8,-18.18,,,-5.0,-5.0,-4.0,-90.91,False,2026-10-09,,,,,,
SNDK,1580.0,2026-10-16,7.0,1609.4599609375,1600.9000244140625,40.7,2.64406,120.635,21.820227,yahoo,40.7,yahoo,42.1,yahoo,40.1,42.1,4070.0,-4210.0,25.76,-1000.0,2.58,-100.0,,,-140.0,-200.0,-0.89,-47.51,-0.09,-4.75,,,-40.0,-100.0,-0.25,-23.75,False,2026-10-09,,,,,,
NBIS,212.5,2026-10-16,7.0,218.6699981689453,220.36000061035156,6.3,3.05529,139.397,170.84375,yahoo,6.45,yahoo,6.65,yahoo,4.2,4.5,645.0,-665.0,30.35,-1000.0,3.04,-100.0,1109.6,-36500.0,195.0,-245.0,9.18,-368.42,0.92,-36.84,335.8,-13446.6,210.0,-230.0,9.88,-345.86,False,2026-10-08,,,,,,
LUNR,13.0,2026-10-16,7.0,13.654999732971191,13.158699989318848,0.37,2.92953,133.66,,yahoo,0.3,yahoo,0.41,yahoo,0.4,0.48,30.0,-41.0,23.08,-1000.0,2.31,-100.0,843.15,-36500.0,-18.0,-1.0,-13.85,-24.39,-1.38,-2.44,-503.7,-890.6,-14.0,3.0,-10.77,73.17,False,2026-10-08,,,,,,
CRWV,79.0,2026-10-16,7.0,81.37999725341797,81.82859802246094,2.23,2.90478,132.531,,yahoo,2.06,yahoo,2.15,yahoo,1.44,1.53,206.0,-215.0,26.08,-1000.0,2.61,-100.0,952.65,-36500.0,53.0,-71.0,6.71,-330.23,0.67,-33.02,244.55,-12052.3,57.5,-66.5,7.28,-309.3,False,2026-10-08,,,,,,
ASTS,55.0,2026-10-16,7.0,56.625,47.9900016784668,1.54,2.88066,131.43,,yahoo,1.43,yahoo,1.52,yahoo,6.05,6.25,-558.0,549.0,-101.45,3611.84,-10.15,361.18,-3704.75,131830.7,-482.0,453.0,-87.64,2980.26,-8.76,298.03,-3197.4,108780.95,-472.0,549.0,-85.82,3611.84,True,2026-10-08,,,,,,
MRVL,265.0,2026-10-16,7.0,272.0450134277344,271.45001220703125,7.3,2.83275,129.244,89.488495,yahoo,6.8,yahoo,7.25,yahoo,5.6,5.95,680.0,-725.0,25.66,-1000.0,2.57,-100.0,938.05,-36500.0,85.0,-165.0,3.21,-227.59,0.32,-22.76,116.8,-8307.4,102.5,-147.5,3.87,-203.45,False,2026-10-08,,,,,,
CRML,7.5,2026-11-20,42.0,7.71999979019165,6.684999942779541,1.1,17.1875,108.163,,approx (backfilled),1.1,yahoo,1.3,yahoo,1.5,1.6,28.5,-48.5,38.0,-373.08,3.8,-37.31,86.69,-851.13,-50.0,20.0,-66.67,153.85,-6.67,15.38,-152.16,350.86,-45.0,25.0,-60.0,192.31,False,2026-09-23,,,,,,
EOSE,3.5,2026-11-20,42.0,3.5799999237060547,2.5950000286102295,0.53,17.8451,112.301,,approx (backfilled),0.53,yahoo,0.55,yahoo,1.0,1.06,-37.5,35.5,-107.14,645.45,-10.71,64.55,-244.32,1472.55,-53.0,45.0,-151.43,818.18,-15.14,81.82,-345.38,1866.52,-50.0,35.5,-142.86,645.45,True,2026-09-23,,,,,,
USAR,14.0,2026-11-20,42.0,15.329999923706055,12.475000381469727,1.16,9.03427,57.851,,approx (backfilled),1.16,yahoo,1.19,yahoo,2.22,2.26,-36.5,33.5,-26.07,281.51,-2.61,28.15,-63.51,684.98,-110.0,103.0,-78.57,865.55,-7.86,86.55,-191.26,2106.05,-108.0,33.5,-77.14,281.51,True,2026-09-24,,,,,,
AXTI,60.0,2026-11-20,42.0,73.16500091552734,68.9800033569336,5.2,9.48905,60.7632,1839.75,approx (backfilled),5.7,yahoo,6.2,yahoo,5.3,5.6,570.0,-620.0,95.0,-1000.0,9.5,-100.0,231.17,-2433.33,10.0,-90.0,1.67,-145.16,0.17,-14.52,4.14,-353.32,25.0,-75.0,4.17,-120.97,False,2026-09-24,,,,,,
CIFR,17.0,2026-11-20,42.0,18.350000381469727,13.333600044250488,2.1,14.094,88.6947,,approx (backfilled),2.1,yahoo,2.16,yahoo,4.2,4.35,-156.64,150.64,-92.14,697.41,-9.21,69.74,-210.1,1590.94,-225.0,204.0,-132.35,944.44,-13.24,94.44,-302.04,2154.41,-217.5,150.64,-127.94,697.41,True,2026-09-23,,,,,,
PCT,5.0,2026-11-20,42.0,5.150000095367432,3.9149999618530273,0.6,13.6364,85.815,,approx (backfilled),0.6,yahoo,0.75,yahoo,1.25,1.4,-48.5,33.5,-97.0,446.67,-9.7,44.67,-221.28,1019.03,-80.0,50.0,-160.0,666.67,-16.0,66.67,-365.0,1520.91,-72.5,33.5,-145.0,446.67,True,2026-09-23,,,,,,
QBTS,16.0,2026-11-20,42.0,16.670000076293945,14.369999885559082,1.47,10.117,71.0135,,approx (backfilled),1.52,yahoo,1.56,yahoo,2.36,2.42,-11.0,7.0,-6.88,44.87,-0.69,4.49,-25.18,163.89,-90.0,80.0,-56.25,512.82,-5.62,51.28,-205.13,1871.72,-87.0,7.0,-54.38,44.87,True,2026-09-29,,,,,,
CORZ,16.0,2026-11-20,42.0,16.989999771118164,15.154999732971191,1.53,10.5736,74.2185,,approx (backfilled),1.41,yahoo,1.46,yahoo,1.88,1.95,56.5,-61.5,35.31,-421.23,3.53,-42.12,128.84,-1537.38,-54.0,42.0,-33.75,287.67,-3.38,28.77,-123.37,1050.11,-50.5,45.5,-31.56,311.64,False,2026-09-29,,,,,,
BW,5.0,2026-11-20,42.0,5.840000152587891,5.53000020980835,0.45,9.89011,69.421,,approx (backfilled),0.45,yahoo,0.55,yahoo,0.45,0.55,45.0,-55.0,90.0,-1000.0,9.0,-100.0,328.5,-3650.0,-10.0,-10.0,-20.0,-181.82,-2.0,-18.18,-73.0,-663.57,-5.0,-5.0,-10.0,-90.91,False,2026-09-29,,,,,,
CYPH,2.5,2026-11-20,42.0,3.4049999713897705,3.075000047683716,0.3,13.6364,97.5936,4.142857,approx (backfilled),0.3,yahoo,0.35,yahoo,0.3,0.45,30.0,-35.0,120.0,-1000.0,12.0,-100.0,486.67,-4055.56,-15.0,-5.0,-60.0,-142.86,-6.0,-14.29,-243.33,-579.54,-7.5,2.5,-30.0,71.43,False,2026-09-30,,,,,,
GLND,3.0,2026-11-20,42.0,2.9916999340057373,2.505000114440918,0.55,22.449,182.086,,approx (backfilled),0.4,yahoo,0.7,yahoo,0.75,0.8,-9.5,-20.5,-31.67,-292.86,-3.17,-29.29,-385.68,-3563.62,-40.0,5.0,-133.33,71.43,-13.33,7.14,-1621.82,868.7,-37.5,7.5,-125.0,107.14,False,2026-10-06,,,,,,
HTZ,2.0,2026-11-20,42.0,2.050100088119507,1.8849999904632568,0.32,19.0476,154.497,,approx (backfilled),0.32,yahoo,0.35,yahoo,0.35,0.37,20.5,-23.5,102.5,-671.43,10.25,-67.14,1247.08,-8168.7,-5.0,0.0,-25.0,0.0,-2.5,0.0,-304.17,0.0,-4.0,1.0,-20.0,28.57,False,2026-10-06,,,,,,
PDSB,1.0,2026-11-20,42.0,1.0549999475479126,1.1304999589920044,0.15,17.6471,143.137,,approx (backfilled),0.15,yahoo,0.3,yahoo,0.05,0.3,15.0,-30.0,150.0,-1000.0,15.0,-100.0,1825.0,-12166.67,-15.0,-25.0,-150.0,-833.33,-15.0,-83.33,-1825.0,-10138.48,-2.5,-12.5,-25.0,-416.67,False,2026-10-06,,,,,,
HUT,85.0,2026-11-20,42.0,88.34500122070312,80.9906997680664,9.75,12.9568,96.515,,approx (backfilled),9.85,yahoo,10.3,yahoo,11.65,12.35,584.07,-629.07,68.71,-610.75,6.87,-61.07,358.22,-3184.36,-250.0,135.0,-29.41,131.07,-2.94,13.11,-153.3,683.59,-215.0,170.0,-25.29,165.05,False,2026-10-02,,,,,,
IRON,55.0,2026-11-20,42.0,64.22000122070312,62.584999084472656,8.1,17.2708,126.077,,approx (backfilled),8.1,yahoo,9.0,yahoo,9.3,10.0,810.0,-900.0,147.27,-1000.0,14.73,-100.0,672.06,-4562.5,-190.0,30.0,-34.55,33.33,-3.45,3.33,-157.41,151.93,-155.0,65.0,-28.18,72.22,False,2026-10-01,,,,,,
CMPX,1.0,2026-11-20,42.0,1.0399999618530273,1.0399999618530273,0.2,25.0,178.922,,approx (backfilled),0.2,yahoo,0.25,yahoo,0.2,0.25,20.0,-25.0,200.0,-1000.0,20.0,-100.0,811.11,-4055.56,-5.0,-5.0,-50.0,-200.0,-5.0,-20.0,-202.78,-811.11,-2.5,-2.5,-25.0,-100.0,False,2026-09-30,,,,,,
AXTI,70.0,2026-11-20,42.0,73.6500015258789,69.02999877929688,8.7,14.1925,120.471,1841.2501,yahoo,8.7,yahoo,9.0,yahoo,10.4,10.7,773.0,-803.0,110.43,-892.22,11.04,-89.22,4029.6,-32565.3,-200.0,140.0,-28.57,155.56,-2.86,15.56,-1043.9,5679.4,-185.0,155.0,-26.43,172.22,False,2026-10-08,,,,,,
CAPR,7.0,2026-11-20,42.0,7.974999904632568,7.795000076293945,2.1,42.8571,363.787,,yahoo,2.1,yahoo,2.45,yahoo,2.0,2.3,210.0,-245.0,300.0,-1000.0,30.0,-100.0,10950.0,-36500.0,-20.0,-45.0,-28.57,-183.67,-2.86,-18.37,-1043.9,-6705.05,-5.0,-30.0,-7.14,-122.45,False,2026-10-08,,,,,,
IRON,60.0,2026-11-20,42.0,60.77000045776367,62.584999084472656,11.6,23.9669,203.44,,yahoo,11.6,yahoo,13.0,yahoo,11.5,12.4,1160.0,-1300.0,193.33,-1000.0,19.33,-100.0,,,-80.0,-150.0,-13.33,-115.38,-1.33,-11.54,,,-35.0,-105.0,-5.83,-80.77,False,2026-10-09,,,,,,
,,,,,,,,,,,,,,,,,,,,,,,,,,,,,,,,,,,,,,,,,,,,
(no closed positions),,,,,,,,,,,,,,,,,,,,,,,,,,,,,,,,,,,,,,,,,,,,
,,,,,,,,,,,,,,,,,,,,,,,,,,,,,,,,,,,,,,,,,,,,
"OPEN P/L - UNREALIZED, FICTIONAL (normalized to $1000 risk each)",,,,,,,,,,,,,,,,,,,1936.01,-63296.36,0.96,-31.49,237.36,-6042.74,,,,,,,,,,,,,,,,,,,,
,,,,,,,,,,,,,,,,,,,,,,,,,,,,,,,,,,,,,,,,,,,,
"OPEN P/L - UNREALIZED, ACTUAL (normalized to $1000 risk each)",,,,,,,,,,,,,,,,,,,,,,,,,,,-5315.44,22479.6,-2.66,11.41,-244.06,1631.53,,,,,,,,,,,,
,,,,,,,,,,,,,,,,,,,,,,,,,,,,,,,,,,,,,,,,,,,,
"CLOSED P/L - REALIZED, 0 settled (normalized to $1000 risk each)",,,,,,,,,,,,,,,,,,,,,,,,,,,,,,,,,,,,,,,0.0,0.0,,,,
